Disease,Category,Base_Urgency,Age_Min,Age_Max,Sex,Prevalence_Weight,Typical_Duration_Days,Signature_Symptoms,Notes
Acute_Myocardial_Infarction,Cardiovascular,Emergency,25,95,Any,0.45,1-3,"Chest_Pain, Shortness_of_Breath, Cold_Sweat, Nausea, Jaw_Pain",
Aortic_Dissection,Cardiovascular,Emergency,30,95,Any,0.15,1-2,"Chest_Pain, Back_Pain, Fainting, One_Sided_Weakness",
Atrial_Fibrillation,Cardiovascular,Urgent,35,95,Any,0.65,1-180,"Irregular_Heartbeat, Palpitations, Dizziness, Shortness_of_Breath, Fatigue",
Cardiomyopathy,Cardiovascular,Urgent,10,95,Any,0.35,7-365,"Shortness_of_Breath, Fatigue, Leg_Swelling, Palpitations, Fainting",
Deep_Vein_Thrombosis,Cardiovascular,Urgent,18,95,Any,0.55,1-14,"Calf_Pain, Leg_Swelling, Local_Warmth, Red_Skin",
Heart_Failure,Cardiovascular,Urgent,35,95,Any,0.75,7-365,"Shortness_of_Breath, Orthopnea, Paroxysmal_Nocturnal_Dyspnea, Leg_Swelling, Fatigue",
Hypertension,Cardiovascular,Soon,18,95,Any,1.5,30-365,"High_Blood_Pressure_Symptoms, Headache, Blurred_Vision, Nosebleed",
Hypotension,Cardiovascular,Urgent,1,90,Any,0.8,1-30,"Low_Blood_Pressure_Symptoms, Dizziness, Fainting, Weakness, Cold_Sweat",
Infective_Endocarditis,Cardiovascular,Urgent,1,90,Any,0.25,7-90,"Fever, Night_Sweats, Fatigue, Petechiae, Weight_Loss",
Pericarditis,Cardiovascular,Urgent,1,90,Any,0.35,2-30,"Pleuritic_Chest_Pain, Fever, Palpitations, Shortness_of_Breath",
Peripheral_Artery_Disease,Cardiovascular,Soon,40,95,Any,0.55,30-365,"Calf_Pain, Cold_Extremities, Numbness, Non_Healing_Wound",
Sepsis,Cardiovascular,Emergency,1,90,Any,0.35,1-7,"Fever, Rapid_Heartbeat, Rapid_Breathing, Confusion, Low_Blood_Pressure_Symptoms, Reduced_Urine_Output",
Stable_Angina,Cardiovascular,Urgent,35,95,Any,0.7,1-180,"Chest_Pain, Shortness_of_Breath, Exercise_Intolerance",
Supraventricular_Tachycardia,Cardiovascular,Urgent,1,90,Any,0.55,1-10,"Rapid_Heartbeat, Palpitations, Dizziness, Chest_Pain, Shortness_of_Breath",
Acne,Dermatological,Routine,10,50,Any,1.5,30-365,"Rash, Red_Skin, Skin_Pain",
Alopecia_Areata,Dermatological,Routine,1,90,Any,0.55,30-365,"Hair_Loss, Brittle_Nails",
Atopic_Dermatitis,Dermatological,Routine,1,90,Any,1.6,14-365,"Itching, Dry_Skin, Red_Skin, Scaly_Skin",
Cellulitis,Dermatological,Urgent,1,90,Any,0.8,1-21,"Red_Skin, Local_Warmth, Skin_Pain, Fever, Local_Warmth",
Chickenpox,Dermatological,Soon,1,60,Any,0.7,5-21,"Fever, Itching, Blisters, Rash, Fatigue",
Contact_Dermatitis,Dermatological,Routine,1,90,Any,1.0,1-30,"Itching, Red_Skin, Blisters, Dry_Skin",
Impetigo,Dermatological,Soon,1,25,Any,0.65,2-21,"Blisters, Pus_Discharge, Itching, Red_Skin",
Measles,Dermatological,Urgent,0,50,Any,0.4,5-21,"Fever, Rash, Cough, Runny_Nose, Red_Eyes",
Melanoma,Dermatological,Urgent,15,95,Any,0.18,30-365,"Skin_Discoloration, Skin_Discoloration, Skin_Ulcer",
Mumps,Dermatological,Soon,1,60,Any,0.35,5-21,"Facial_Swelling, Fever, Headache, Painful_Swallowing, Testicular_Pain",
Psoriasis,Dermatological,Routine,1,90,Any,1.0,30-365,"Scaly_Skin, Red_Skin, Itching, Joint_Pain",
Rubella,Dermatological,Soon,1,60,Any,0.3,5-21,"Rash, Fever, Swollen_Lymph_Nodes, Joint_Pain, Red_Eyes",
Scabies,Dermatological,Routine,1,90,Any,0.75,7-60,"Itching, Rash, Blisters",
Shingles,Dermatological,Soon,18,95,Any,0.65,2-30,"Skin_Pain, Blisters, Rash, Tingling",
Tinea_Infection,Dermatological,Routine,1,90,Any,1.0,7-90,"Itching, Scaly_Skin, Rash, Hair_Loss",
Urticaria,Dermatological,Soon,1,90,Any,1.1,1-14,"Hives, Itching, Facial_Swelling",
Adrenal_Insufficiency,Endocrine_Metabolic,Urgent,1,90,Any,0.25,14-365,"Fatigue, Weight_Loss, Low_Blood_Pressure_Symptoms, Salt_Craving, Abdominal_Pain",
Cushing_Syndrome,Endocrine_Metabolic,Soon,1,90,Any,0.2,60-365,"Central_Weight_Gain, Bruising, Muscle_Weakness, Mood_Swings, High_Blood_Pressure_Symptoms",
Dehydration,Endocrine_Metabolic,Urgent,1,90,Any,1.2,1-7,"Dry_Mouth, Excessive_Thirst, Dizziness, Reduced_Urine_Output, Weakness",
Diabetic_Ketoacidosis,Endocrine_Metabolic,Emergency,1,90,Any,0.25,1-5,"Excessive_Thirst, Frequent_Urination, Vomiting, Abdominal_Pain, Rapid_Breathing, Confusion",
Gout,Endocrine_Metabolic,Soon,25,95,Any,0.8,1-14,"Joint_Pain, Joint_Swelling, Red_Skin, Local_Warmth",
Hyperkalemia,Endocrine_Metabolic,Emergency,1,90,Any,0.3,1-10,"Muscle_Weakness, Palpitations, Irregular_Heartbeat, Nausea",
Hyperthyroidism,Endocrine_Metabolic,Soon,1,90,Any,0.8,14-365,"Heat_Intolerance, Weight_Loss, Palpitations, Tremor, Excessive_Sweating, Anxiety",
Hypoglycemia,Endocrine_Metabolic,Urgent,1,90,Any,0.9,1-2,"Cold_Sweat, Tremor, Increased_Hunger, Confusion, Dizziness, Palpitations",
Hyponatremia,Endocrine_Metabolic,Emergency,1,90,Any,0.35,1-7,"Nausea, Headache, Confusion, Seizure, Muscle_Cramps",
Hypothyroidism,Endocrine_Metabolic,Routine,1,90,Any,1.1,30-365,"Cold_Intolerance, Weight_Gain, Fatigue, Constipation, Dry_Skin, Puffy_Face",
Iron_Deficiency_Anemia,Endocrine_Metabolic,Routine,1,90,Any,1.6,14-365,"Pallor, Fatigue, Weakness, Shortness_of_Breath, Brittle_Nails",
Leukemia,Endocrine_Metabolic,Urgent,1,90,Any,0.25,14-180,"Fatigue, Pallor, Bruising, Fever, Bone_Pain, Weight_Loss",
Lymphoma,Endocrine_Metabolic,Urgent,1,90,Any,0.25,14-180,"Swollen_Lymph_Nodes, Night_Sweats, Weight_Loss, Fever, Itching",
Type_1_Diabetes,Endocrine_Metabolic,Soon,1,45,Any,0.65,7-180,"Excessive_Thirst, Frequent_Urination, Weight_Loss, Increased_Hunger, Fatigue",
Type_2_Diabetes,Endocrine_Metabolic,Soon,18,95,Any,1.4,30-365,"Excessive_Thirst, Frequent_Urination, Delayed_Wound_Healing, Blurred_Vision, Fatigue",
Vitamin_B12_Deficiency,Endocrine_Metabolic,Routine,1,90,Any,0.75,30-365,"Fatigue, Numbness, Tingling, Memory_Problems, Pallor",
Acute_Angle_Closure_Glaucoma,Eye_ENT_Dental,Emergency,35,100,Any,0.18,1-2,"Eye_Pain, Halo_Around_Lights, Blurred_Vision, Nausea, Headache",
Acute_Otitis_Media,Eye_ENT_Dental,Soon,0,60,Any,1.0,1-14,"Ear_Pain, Fever, Hearing_Loss, Irritability",
Bacterial_Conjunctivitis,Eye_ENT_Dental,Soon,1,90,Any,1.1,1-14,"Red_Eyes, Eye_Discharge, Eye_Pain",
Cataract,Eye_ENT_Dental,Soon,45,100,Any,0.8,90-365,"Blurred_Vision, Halo_Around_Lights, Vision_Loss",
Corneal_Abrasion,Eye_ENT_Dental,Urgent,1,90,Any,0.55,1-10,"Eye_Pain, Red_Eyes, Light_Sensitivity, Watery_Eyes",
Dental_Abscess,Eye_ENT_Dental,Urgent,1,90,Any,0.75,1-21,"Toothache, Gum_Swelling, Facial_Swelling, Fever, Bad_Breath",
Dry_Eye_Syndrome,Eye_ENT_Dental,Routine,1,90,Any,1.2,7-365,"Dry_Eyes, Eye_Pain, Blurred_Vision, Red_Eyes",
Meniere_Disease,Eye_ENT_Dental,Soon,20,80,Any,0.35,1-365,"Vertigo, Hearing_Loss, Ringing_in_Ears, Nausea",
Otitis_Externa,Eye_ENT_Dental,Soon,1,90,Any,0.65,1-14,"Ear_Pain, Ear_Discharge, Itching",
Periodontitis,Eye_ENT_Dental,Soon,1,90,Any,0.8,30-365,"Gum_Swelling, Bad_Breath, Toothache, Gum_Swelling",
Retinal_Detachment,Eye_ENT_Dental,Emergency,25,100,Any,0.18,1-3,"Vision_Loss, Blurred_Vision, Blurred_Vision",
Temporomandibular_Disorder,Eye_ENT_Dental,Routine,1,90,Any,0.75,7-180,"Jaw_Pain, Headache, Ear_Pain, Jaw_Pain",
Viral_Conjunctivitis,Eye_ENT_Dental,Routine,1,90,Any,1.0,1-21,"Red_Eyes, Watery_Eyes, Eye_Pain, Runny_Nose",
Acute_Cholecystitis,Gastrointestinal,Urgent,1,90,Any,0.5,1-10,"Right_Upper_Abdominal_Pain, Fever, Nausea, Vomiting, Jaundice",
Acute_Pancreatitis,Gastrointestinal,Emergency,1,90,Any,0.45,1-14,"Epigastric_Pain, Vomiting, Fever, Abdominal_Bloating, Rapid_Heartbeat",
Appendicitis,Gastrointestinal,Emergency,1,90,Any,0.8,1-4,"Right_Lower_Abdominal_Pain, Nausea, Vomiting, Fever, Abdominal_Rigidity",
Celiac_Disease,Gastrointestinal,Routine,1,90,Any,0.7,30-365,"Diarrhea, Greasy_Stool, Abdominal_Bloating, Weight_Loss, Fatigue",
Cholera,Gastrointestinal,Emergency,1,90,Any,0.35,1-7,"Diarrhea, Vomiting, Dehydration, Muscle_Cramps, Low_Blood_Pressure_Symptoms",
Cirrhosis,Gastrointestinal,Urgent,25,95,Any,0.4,30-365,"Jaundice, Abdominal_Bloating, Leg_Swelling, Bruising, Weight_Loss, Confusion",
Colorectal_Cancer,Gastrointestinal,Urgent,35,95,Any,0.35,30-365,"Blood_in_Stool, Weight_Loss, Constipation, Fatigue, Abdominal_Pain",
Constipation,Gastrointestinal,Routine,1,90,Any,2.0,2-30,"Constipation, Abdominal_Bloating, Abdominal_Pain, Loss_of_Appetite",
Crohn_Disease,Gastrointestinal,Soon,1,90,Any,0.55,30-365,"Diarrhea, Abdominal_Pain, Weight_Loss, Fatigue, Mouth_Ulcers, Blood_in_Stool",
Diverticulitis,Gastrointestinal,Urgent,35,95,Any,0.65,2-14,"Abdominal_Pain, Fever, Constipation, Nausea",
Fatty_Liver_Disease,Gastrointestinal,Routine,18,90,Any,0.9,60-365,"Fatigue, Right_Upper_Abdominal_Pain, Weight_Gain",
Food_Poisoning,Gastrointestinal,Soon,1,90,Any,2.2,1-7,"Nausea, Vomiting, Diarrhea, Abdominal_Pain, Body_Ache",
GERD,Gastrointestinal,Routine,1,90,Any,2.2,7-180,"Heartburn, Acid_Regurgitation, Chest_Pain, Difficulty_Swallowing, Dry_Cough",
Gallstones,Gastrointestinal,Soon,1,90,Any,1.0,1-30,"Right_Upper_Abdominal_Pain, Nausea, Vomiting, Indigestion",
Gastritis,Gastrointestinal,Soon,1,90,Any,1.7,1-30,"Epigastric_Pain, Nausea, Indigestion, Abdominal_Bloating",
Hemorrhoids,Gastrointestinal,Routine,1,90,Any,1.2,3-60,"Blood_in_Stool, Rectal_Pain, Rectal_Itching, Constipation",
Hepatitis_A,Gastrointestinal,Urgent,1,90,Any,0.5,7-60,"Jaundice, Dark_Urine, Pale_Stool, Fatigue, Nausea, Right_Upper_Abdominal_Pain",
Hepatitis_B,Gastrointestinal,Urgent,1,90,Any,0.45,14-180,"Jaundice, Dark_Urine, Fatigue, Joint_Pain, Right_Upper_Abdominal_Pain",
Irritable_Bowel_Syndrome,Gastrointestinal,Routine,1,90,Any,1.8,30-365,"Abdominal_Pain, Abdominal_Bloating, Constipation, Diarrhea, Excessive_Gas",
Lactose_Intolerance,Gastrointestinal,Routine,1,90,Any,1.6,1-30,"Abdominal_Bloating, Diarrhea, Excessive_Gas, Abdominal_Pain, Nausea",
Peptic_Ulcer_Disease,Gastrointestinal,Soon,1,90,Any,1.0,7-120,"Epigastric_Pain, Black_Stool, Nausea, Early_Satiety",
Typhoid_Fever,Gastrointestinal,Urgent,1,90,Any,0.65,5-35,"Fever, Headache, Abdominal_Pain, Loss_of_Appetite, Constipation, Diarrhea",
Ulcerative_Colitis,Gastrointestinal,Urgent,1,90,Any,0.5,14-365,"Bloody_Diarrhea, Fecal_Urgency, Abdominal_Pain, Weight_Loss, Fatigue",
Viral_Gastroenteritis,Gastrointestinal,Soon,1,90,Any,2.0,1-10,"Vomiting, Diarrhea, Abdominal_Pain, Fever, Dehydration",
Bipolar_Mania,Mental_Behavioral,Urgent,1,90,Any,0.4,4-90,"Mood_Swings, Racing_Thoughts, Insomnia, Irritability, Mood_Swings",
Generalized_Anxiety_Disorder,Mental_Behavioral,Routine,1,90,Any,1.2,30-365,"Anxiety, Restlessness, Insomnia, Difficulty_Concentrating, Muscle_Pain",
Insomnia_Disorder,Mental_Behavioral,Routine,1,90,Any,1.4,14-365,"Insomnia, Fatigue, Irritability, Difficulty_Concentrating",
Major_Depressive_Disorder,Mental_Behavioral,Urgent,1,90,Any,1.0,14-365,"Depressed_Mood, Loss_of_Interest, Fatigue, Insomnia, Difficulty_Concentrating, Self_Harm_Thoughts",
Panic_Disorder,Mental_Behavioral,Soon,1,90,Any,0.9,1-365,"Panic, Palpitations, Shortness_of_Breath, Chest_Pain, Dizziness",
Post_Traumatic_Stress_Disorder,Mental_Behavioral,Soon,1,90,Any,0.65,30-365,"Anxiety, Insomnia, Irritability, Anxiety, Social_Withdrawal",
Schizophrenia,Mental_Behavioral,Urgent,14,70,Any,0.35,30-365,"Hallucinations, Social_Withdrawal, Confusion, Confusion",
Somatic_Symptom_Disorder,Mental_Behavioral,Routine,1,90,Any,0.45,90-365,"Anxiety, Body_Ache, Fatigue, Body_Ache",
Ankylosing_Spondylitis,Musculoskeletal_Autoimmune,Routine,15,60,Any,0.4,60-365,"Low_Back_Pain, Morning_Stiffness, Hip_Pain, Limited_Mobility",
Bursitis,Musculoskeletal_Autoimmune,Routine,1,90,Any,0.7,3-60,"Joint_Pain, Local_Warmth, Limited_Mobility, Shoulder_Pain",
Fibromyalgia,Musculoskeletal_Autoimmune,Routine,1,90,Any,0.85,90-365,"Muscle_Pain, Fatigue, Brain_Fog, Insomnia, Headache",
Lumbar_Strain,Musculoskeletal_Autoimmune,Routine,1,90,Any,1.5,1-30,"Low_Back_Pain, Muscle_Cramps, Limited_Mobility",
Myositis,Musculoskeletal_Autoimmune,Soon,1,90,Any,0.25,14-365,"Muscle_Weakness, Muscle_Pain, Fatigue, Difficulty_Swallowing",
Osteoarthritis,Musculoskeletal_Autoimmune,Routine,35,95,Any,1.4,30-365,"Joint_Pain, Joint_Stiffness, Limited_Mobility, Knee_Pain, Hip_Pain",
Osteoporosis_Fracture,Musculoskeletal_Autoimmune,Urgent,50,100,Any,0.45,1-120,"Bone_Pain, Back_Pain, Limited_Mobility",
Polymyalgia_Rheumatica,Musculoskeletal_Autoimmune,Soon,50,100,Any,0.35,14-365,"Shoulder_Pain, Hip_Pain, Morning_Stiffness, Fatigue",
Rheumatoid_Arthritis,Musculoskeletal_Autoimmune,Soon,15,90,Any,0.8,30-365,"Morning_Stiffness, Joint_Swelling, Joint_Pain, Fatigue",
Sciatica,Musculoskeletal_Autoimmune,Soon,1,90,Any,1.0,3-90,"Sciatic_Pain, Low_Back_Pain, Numbness, Tingling, Muscle_Weakness",
Septic_Arthritis,Musculoskeletal_Autoimmune,Emergency,1,90,Any,0.25,1-7,"Joint_Pain, Joint_Swelling, Fever, Local_Warmth",
Sjogren_Syndrome,Musculoskeletal_Autoimmune,Routine,1,90,Any,0.35,30-365,"Dry_Eyes, Dry_Mouth, Joint_Pain, Fatigue",
Systemic_Lupus_Erythematosus,Musculoskeletal_Autoimmune,Soon,10,70,Any,0.35,30-365,"Rash, Joint_Pain, Fatigue, Fever, Mouth_Ulcers, Hair_Loss",
Tendinitis,Musculoskeletal_Autoimmune,Routine,1,90,Any,0.9,3-90,"Joint_Pain, Limited_Mobility, Joint_Pain",
Bells_Palsy,Neurological,Soon,1,90,Any,0.55,1-90,"Facial_Droop, Dry_Eyes, Loss_of_Taste, Ear_Pain",
Benign_Positional_Vertigo,Neurological,Routine,1,90,Any,1.1,1-30,"Vertigo, Nausea, Balance_Problems, Dizziness",
Carpal_Tunnel_Syndrome,Neurological,Routine,1,90,Any,0.9,14-365,"Numbness, Tingling, Muscle_Weakness, Joint_Pain",
Cluster_Headache,Neurological,Urgent,15,70,Any,0.35,1-30,"Severe_Headache, One_Sided_Headache, Watery_Eyes, Nasal_Congestion, Restlessness",
Concussion,Neurological,Urgent,1,90,Any,0.6,1-30,"Headache, Dizziness, Confusion, Nausea, Light_Sensitivity, Memory_Problems",
Dementia,Neurological,Soon,55,100,Any,0.55,90-365,"Memory_Problems, Confusion, Difficulty_Concentrating, Social_Withdrawal",
Encephalitis,Neurological,Emergency,1,90,Any,0.2,1-21,"Fever, Confusion, Seizure, Severe_Headache, Hallucinations",
Epilepsy,Neurological,Urgent,1,90,Any,0.8,1-365,"Seizure, Loss_of_Consciousness, Confusion, Muscle_Rigidity",
Ischemic_Stroke,Neurological,Emergency,35,100,Any,0.45,1-3,"One_Sided_Weakness, Facial_Droop, Slurred_Speech, Vision_Loss, Confusion",
Labyrinthitis,Neurological,Soon,1,90,Any,0.55,2-30,"Vertigo, Hearing_Loss, Ringing_in_Ears, Nausea, Balance_Problems",
Meningitis,Neurological,Emergency,1,90,Any,0.3,1-10,"Fever, Severe_Headache, Neck_Stiffness, Light_Sensitivity, Confusion, Vomiting",
Migraine,Neurological,Soon,8,75,Any,2.0,1-5,"One_Sided_Headache, Nausea, Light_Sensitivity, Sound_Sensitivity, Aura",
Multiple_Sclerosis,Neurological,Soon,15,65,Any,0.35,14-365,"Blurred_Vision, Numbness, Muscle_Weakness, Balance_Problems, Fatigue",
Parkinson_Disease,Neurological,Soon,40,95,Any,0.45,90-365,"Tremor, Muscle_Rigidity, Limited_Mobility, Balance_Problems",
Peripheral_Neuropathy,Neurological,Soon,18,95,Any,0.8,30-365,"Numbness, Tingling, Skin_Pain, Muscle_Weakness, Balance_Problems",
Tension_Headache,Neurological,Routine,1,90,Any,2.3,1-10,"Headache, Neck_Pain, Headache, Anxiety",
Transient_Ischemic_Attack,Neurological,Emergency,35,100,Any,0.35,1-2,"One_Sided_Weakness, Facial_Droop, Slurred_Speech, Dizziness",
Trigeminal_Neuralgia,Neurological,Soon,35,90,Any,0.3,1-180,"Facial_Pain, Jaw_Pain, Facial_Pain",
Acute_Kidney_Injury,Renal_Urological,Emergency,1,90,Any,0.35,1-14,"Reduced_Urine_Output, Leg_Swelling, Fatigue, Nausea, Confusion",
Benign_Prostatic_Hyperplasia,Renal_Urological,Routine,45,95,Male,0.85,60-365,"Nocturia, Urinary_Retention, Frequent_Urination, Urinary_Retention",
Bladder_Cancer,Renal_Urological,Urgent,40,95,Any,0.25,14-180,"Blood_in_Urine, Frequent_Urination, Painful_Urination, Weight_Loss",
Chronic_Kidney_Disease,Renal_Urological,Soon,20,95,Any,0.75,60-365,"Fatigue, Leg_Swelling, Foamy_Urine, Itching, Nausea",
Glomerulonephritis,Renal_Urological,Urgent,1,90,Any,0.35,3-90,"Blood_in_Urine, Foamy_Urine, Leg_Swelling, High_Blood_Pressure_Symptoms",
Kidney_Stone,Renal_Urological,Urgent,1,90,Any,0.9,1-10,"Flank_Pain, Blood_in_Urine, Nausea, Vomiting, Restlessness",
Lower_UTI,Renal_Urological,Soon,1,90,Any,1.8,1-14,"Painful_Urination, Frequent_Urination, Urgency_Urination, Cloudy_Urine, Abdominal_Pain",
Nephrotic_Syndrome,Renal_Urological,Urgent,1,90,Any,0.3,7-180,"Foamy_Urine, Facial_Swelling, Leg_Swelling, Weight_Gain, Fatigue",
Overactive_Bladder,Renal_Urological,Routine,1,90,Any,0.9,30-365,"Urgency_Urination, Frequent_Urination, Nocturia, Incontinence",
Prostatitis,Renal_Urological,Soon,18,80,Male,0.55,2-60,"Painful_Urination, Pelvic_Pain, Fever, Urinary_Retention, Testicular_Pain",
Pyelonephritis,Renal_Urological,Urgent,1,90,Any,0.65,1-14,"Fever, Flank_Pain, Painful_Urination, Nausea, Vomiting",
Cervical_Cancer,Reproductive,Urgent,20,90,Female,0.22,30-365,"Vaginal_Bleeding, Pelvic_Pain, Painful_Intercourse, Weight_Loss",
Dysmenorrhea,Reproductive,Routine,10,55,Female,1.2,1-10,"Painful_Periods, Pelvic_Pain, Nausea, Headache",
Ectopic_Pregnancy,Reproductive,Emergency,12,55,Female,0.2,1-14,"Missed_Period, Pelvic_Pain, Vaginal_Bleeding, Dizziness, Fainting",
Endometriosis,Reproductive,Soon,12,55,Female,0.8,30-365,"Pelvic_Pain, Painful_Periods, Painful_Intercourse, Heavy_Periods, Infertility",
Epididymitis,Reproductive,Urgent,12,90,Male,0.45,1-21,"Testicular_Pain, Fever, Painful_Urination, Local_Warmth",
Menopause,Reproductive,Routine,40,65,Female,0.9,90-365,"Irregular_Periods, Heat_Intolerance, Excessive_Sweating, Mood_Swings, Insomnia",
Pelvic_Inflammatory_Disease,Reproductive,Urgent,12,55,Female,0.55,2-30,"Pelvic_Pain, Vaginal_Discharge, Fever, Painful_Intercourse, Vaginal_Bleeding",
Polycystic_Ovary_Syndrome,Reproductive,Soon,12,50,Female,1.0,60-365,"Irregular_Periods, Weight_Gain, Hair_Loss, Rash, Infertility",
Testicular_Torsion,Reproductive,Emergency,1,50,Male,0.15,1-2,"Testicular_Pain, Nausea, Vomiting, Local_Warmth",
Vulvovaginal_Candidiasis,Reproductive,Soon,12,80,Female,0.85,2-30,"Genital_Itching, Vaginal_Discharge, Painful_Urination, Red_Skin",
Acute_Bronchitis,Respiratory,Soon,1,90,Any,1.8,4-21,"Productive_Cough, Chest_Tightness, Wheezing, Fatigue",
Acute_Sinusitis,Respiratory,Soon,1,90,Any,1.7,3-21,"Sinus_Pressure, Facial_Pain, Nasal_Congestion, Headache, Productive_Cough",
Allergic_Rhinitis,Respiratory,Routine,1,90,Any,2.2,1-60,"Sneezing, Runny_Nose, Nasal_Congestion, Watery_Eyes, Itching",
Asthma_Exacerbation,Respiratory,Urgent,3,80,Any,1.5,1-10,"Wheezing, Shortness_of_Breath, Chest_Tightness, Dry_Cough",
Bacterial_Pneumonia,Respiratory,Urgent,1,90,Any,1.1,2-18,"Fever, Productive_Cough, Shortness_of_Breath, Pleuritic_Chest_Pain, Rapid_Breathing",
COPD_Exacerbation,Respiratory,Urgent,40,95,Any,1.0,2-21,"Shortness_of_Breath, Productive_Cough, Wheezing, Chest_Tightness",
COVID_19,Respiratory,Soon,1,90,Any,1.8,2-21,"Fever, Dry_Cough, Loss_of_Smell, Loss_of_Taste, Fatigue, Shortness_of_Breath",
Common_Cold,Respiratory,Routine,1,90,Any,3.2,2-10,"Runny_Nose, Sneezing, Nasal_Congestion, Sore_Throat, Cough",
Influenza,Respiratory,Soon,1,90,Any,2.3,2-14,"Fever, Chills, Body_Ache, Fatigue, Headache, Dry_Cough",
Laryngitis,Respiratory,Routine,1,90,Any,1.1,2-14,"Hoarseness, Sore_Throat, Dry_Cough, Difficulty_Swallowing",
Obstructive_Sleep_Apnea,Respiratory,Soon,18,90,Any,1.1,30-365,"Snoring, Apnea_Episodes, Sleepiness, Headache, Difficulty_Concentrating",
Pertussis,Respiratory,Urgent,0,90,Any,0.45,7-70,"Cough, Vomiting, Shortness_of_Breath, Blue_Lips",
Pleurisy,Respiratory,Urgent,1,90,Any,0.55,1-21,"Pleuritic_Chest_Pain, Shortness_of_Breath, Dry_Cough",
Pneumothorax,Respiratory,Emergency,1,90,Any,0.3,1-5,"Shortness_of_Breath, Chest_Pain, Rapid_Breathing, Blue_Lips",
Pulmonary_Embolism,Respiratory,Emergency,1,90,Any,0.4,1-5,"Shortness_of_Breath, Pleuritic_Chest_Pain, Rapid_Heartbeat, Calf_Pain, Fainting",
RSV_Infection,Respiratory,Soon,0,8,Any,1.2,3-14,"Cough, Wheezing, Runny_Nose, Rapid_Breathing, Fever",
Streptococcal_Pharyngitis,Respiratory,Soon,3,70,Any,1.3,2-10,"Sore_Throat, Painful_Swallowing, Fever, Swollen_Lymph_Nodes",
Tonsillitis,Respiratory,Soon,1,90,Any,1.2,2-14,"Sore_Throat, Painful_Swallowing, Fever, Swollen_Lymph_Nodes, Bad_Breath",
Tuberculosis,Respiratory,Urgent,5,90,Any,0.8,21-180,"Coughing_Blood, Night_Sweats, Weight_Loss, Productive_Cough, Fever",
Viral_Pneumonia,Respiratory,Urgent,1,90,Any,0.9,3-21,"Fever, Dry_Cough, Shortness_of_Breath, Fatigue, Rapid_Breathing",
Acute_HIV_Syndrome,Tropical_Infectious_Other,Urgent,12,90,Any,0.2,7-30,"Fever, Rash, Sore_Throat, Swollen_Lymph_Nodes, Fatigue",
Anaphylaxis,Tropical_Infectious_Other,Emergency,1,90,Any,0.35,1-1,"Hives, Lip_Tongue_Swelling, Shortness_of_Breath, Wheezing, Low_Blood_Pressure_Symptoms",
Chikungunya,Tropical_Infectious_Other,Urgent,1,90,Any,0.6,3-60,"Fever, Joint_Pain, Rash, Headache, Fatigue",
Dengue,Tropical_Infectious_Other,Urgent,1,90,Any,1.0,3-14,"Fever, Severe_Headache, Body_Ache, Joint_Pain, Rash, Petechiae",
Hand_Foot_Mouth_Disease,Tropical_Infectious_Other,Soon,0,15,Any,0.55,3-14,"Fever, Mouth_Ulcers, Rash, Blisters, Loss_of_Appetite",
Heat_Exhaustion,Tropical_Infectious_Other,Urgent,1,90,Any,0.65,1-2,"Excessive_Sweating, Weakness, Dizziness, Nausea, Headache",
Heat_Stroke,Tropical_Infectious_Other,Emergency,1,90,Any,0.2,1-1,"Fever, Confusion, Loss_of_Consciousness, Seizure, Rapid_Heartbeat",
Infectious_Mononucleosis,Tropical_Infectious_Other,Soon,8,50,Any,0.55,7-60,"Sore_Throat, Swollen_Lymph_Nodes, Fatigue, Fever",
Japanese_Encephalitis,Tropical_Infectious_Other,Emergency,1,80,Any,0.15,2-21,"Fever, Severe_Headache, Confusion, Seizure, Muscle_Rigidity",
Kala_Azar,Tropical_Infectious_Other,Urgent,1,90,Any,0.22,14-180,"Fever, Weight_Loss, Abdominal_Bloating, Pallor, Night_Sweats",
Leptospirosis,Tropical_Infectious_Other,Urgent,1,90,Any,0.35,2-30,"Fever, Severe_Headache, Muscle_Pain, Red_Eyes, Jaundice",
Lyme_Disease,Tropical_Infectious_Other,Soon,1,90,Any,0.25,3-180,"Rash, Fever, Joint_Pain, Headache, Facial_Droop",
Malaria,Tropical_Infectious_Other,Urgent,1,90,Any,0.8,3-30,"Fever, Chills, Excessive_Sweating, Headache, Nausea",
Rabies,Tropical_Infectious_Other,Emergency,1,90,Any,0.08,2-14,"Fever, Tingling, Difficulty_Swallowing, Restlessness, Hallucinations",
Tetanus,Tropical_Infectious_Other,Emergency,1,90,Any,0.12,2-28,"Jaw_Pain, Muscle_Rigidity, Muscle_Cramps, Difficulty_Swallowing, Fever",
