Symptom,Category,Allowed_Values,Generic_Severity_Rubric,Modeling_Note
Fever,General,0-5,0 absent; 1 very mild; 2 mild; 3 moderate; 4 severe; 5 very severe/critical,Ordinal symptom severity. Clinical meaning varies by symptom; validate before real-world use.
Chills,General,0-5,0 absent; 1 very mild; 2 mild; 3 moderate; 4 severe; 5 very severe/critical,Ordinal symptom severity. Clinical meaning varies by symptom; validate before real-world use.
Fatigue,General,0-5,0 absent; 1 very mild; 2 mild; 3 moderate; 4 severe; 5 very severe/critical,Ordinal symptom severity. Clinical meaning varies by symptom; validate before real-world use.
Weakness,General,0-5,0 absent; 1 very mild; 2 mild; 3 moderate; 4 severe; 5 very severe/critical,Ordinal symptom severity. Clinical meaning varies by symptom; validate before real-world use.
Malaise,General,0-5,0 absent; 1 very mild; 2 mild; 3 moderate; 4 severe; 5 very severe/critical,Ordinal symptom severity. Clinical meaning varies by symptom; validate before real-world use.
Night_Sweats,General,0-5,0 absent; 1 very mild; 2 mild; 3 moderate; 4 severe; 5 very severe/critical,Ordinal symptom severity. Clinical meaning varies by symptom; validate before real-world use.
Weight_Loss,General,0-5,0 absent; 1 very mild; 2 mild; 3 moderate; 4 severe; 5 very severe/critical,Ordinal symptom severity. Clinical meaning varies by symptom; validate before real-world use.
Weight_Gain,General,0-5,0 absent; 1 very mild; 2 mild; 3 moderate; 4 severe; 5 very severe/critical,Ordinal symptom severity. Clinical meaning varies by symptom; validate before real-world use.
Loss_of_Appetite,General,0-5,0 absent; 1 very mild; 2 mild; 3 moderate; 4 severe; 5 very severe/critical,Ordinal symptom severity. Clinical meaning varies by symptom; validate before real-world use.
Dehydration,General,0-5,0 absent; 1 very mild; 2 mild; 3 moderate; 4 severe; 5 very severe/critical,Ordinal symptom severity. Clinical meaning varies by symptom; validate before real-world use.
Pallor,General,0-5,0 absent; 1 very mild; 2 mild; 3 moderate; 4 severe; 5 very severe/critical,Ordinal symptom severity. Clinical meaning varies by symptom; validate before real-world use.
Swollen_Lymph_Nodes,General,0-5,0 absent; 1 very mild; 2 mild; 3 moderate; 4 severe; 5 very severe/critical,Ordinal symptom severity. Clinical meaning varies by symptom; validate before real-world use.
Body_Ache,General,0-5,0 absent; 1 very mild; 2 mild; 3 moderate; 4 severe; 5 very severe/critical,Ordinal symptom severity. Clinical meaning varies by symptom; validate before real-world use.
Cold_Sweat,General,0-5,0 absent; 1 very mild; 2 mild; 3 moderate; 4 severe; 5 very severe/critical,Ordinal symptom severity. Clinical meaning varies by symptom; validate before real-world use.
Exercise_Intolerance,General,0-5,0 absent; 1 very mild; 2 mild; 3 moderate; 4 severe; 5 very severe/critical,Ordinal symptom severity. Clinical meaning varies by symptom; validate before real-world use.
Sleepiness,General,0-5,0 absent; 1 very mild; 2 mild; 3 moderate; 4 severe; 5 very severe/critical,Ordinal symptom severity. Clinical meaning varies by symptom; validate before real-world use.
Loss_of_Consciousness,General,0-5,0 absent; 1 very mild; 2 mild; 3 moderate; 4 severe; 5 very severe/critical,Ordinal symptom severity. Clinical meaning varies by symptom; validate before real-world use.
Cough,Respiratory,0-5,0 absent; 1 very mild; 2 mild; 3 moderate; 4 severe; 5 very severe/critical,Ordinal symptom severity. Clinical meaning varies by symptom; validate before real-world use.
Dry_Cough,Respiratory,0-5,0 absent; 1 very mild; 2 mild; 3 moderate; 4 severe; 5 very severe/critical,Ordinal symptom severity. Clinical meaning varies by symptom; validate before real-world use.
Productive_Cough,Respiratory,0-5,0 absent; 1 very mild; 2 mild; 3 moderate; 4 severe; 5 very severe/critical,Ordinal symptom severity. Clinical meaning varies by symptom; validate before real-world use.
Sore_Throat,Respiratory,0-5,0 absent; 1 very mild; 2 mild; 3 moderate; 4 severe; 5 very severe/critical,Ordinal symptom severity. Clinical meaning varies by symptom; validate before real-world use.
Runny_Nose,Respiratory,0-5,0 absent; 1 very mild; 2 mild; 3 moderate; 4 severe; 5 very severe/critical,Ordinal symptom severity. Clinical meaning varies by symptom; validate before real-world use.
Nasal_Congestion,Respiratory,0-5,0 absent; 1 very mild; 2 mild; 3 moderate; 4 severe; 5 very severe/critical,Ordinal symptom severity. Clinical meaning varies by symptom; validate before real-world use.
Sneezing,Respiratory,0-5,0 absent; 1 very mild; 2 mild; 3 moderate; 4 severe; 5 very severe/critical,Ordinal symptom severity. Clinical meaning varies by symptom; validate before real-world use.
Shortness_of_Breath,Respiratory,0-5,0 absent; 1 very mild; 2 mild; 3 moderate; 4 severe; 5 very severe/critical,Ordinal symptom severity. Clinical meaning varies by symptom; validate before real-world use.
Wheezing,Respiratory,0-5,0 absent; 1 very mild; 2 mild; 3 moderate; 4 severe; 5 very severe/critical,Ordinal symptom severity. Clinical meaning varies by symptom; validate before real-world use.
Chest_Tightness,Respiratory,0-5,0 absent; 1 very mild; 2 mild; 3 moderate; 4 severe; 5 very severe/critical,Ordinal symptom severity. Clinical meaning varies by symptom; validate before real-world use.
Chest_Pain,Respiratory,0-5,0 absent; 1 very mild; 2 mild; 3 moderate; 4 severe; 5 very severe/critical,Ordinal symptom severity. Clinical meaning varies by symptom; validate before real-world use.
Pleuritic_Chest_Pain,Respiratory,0-5,0 absent; 1 very mild; 2 mild; 3 moderate; 4 severe; 5 very severe/critical,Ordinal symptom severity. Clinical meaning varies by symptom; validate before real-world use.
Rapid_Breathing,Respiratory,0-5,0 absent; 1 very mild; 2 mild; 3 moderate; 4 severe; 5 very severe/critical,Ordinal symptom severity. Clinical meaning varies by symptom; validate before real-world use.
Coughing_Blood,Respiratory,0-5,0 absent; 1 very mild; 2 mild; 3 moderate; 4 severe; 5 very severe/critical,Ordinal symptom severity. Clinical meaning varies by symptom; validate before real-world use.
Hoarseness,Respiratory,0-5,0 absent; 1 very mild; 2 mild; 3 moderate; 4 severe; 5 very severe/critical,Ordinal symptom severity. Clinical meaning varies by symptom; validate before real-world use.
Loss_of_Smell,Respiratory,0-5,0 absent; 1 very mild; 2 mild; 3 moderate; 4 severe; 5 very severe/critical,Ordinal symptom severity. Clinical meaning varies by symptom; validate before real-world use.
Loss_of_Taste,Respiratory,0-5,0 absent; 1 very mild; 2 mild; 3 moderate; 4 severe; 5 very severe/critical,Ordinal symptom severity. Clinical meaning varies by symptom; validate before real-world use.
Snoring,Respiratory,0-5,0 absent; 1 very mild; 2 mild; 3 moderate; 4 severe; 5 very severe/critical,Ordinal symptom severity. Clinical meaning varies by symptom; validate before real-world use.
Apnea_Episodes,Respiratory,0-5,0 absent; 1 very mild; 2 mild; 3 moderate; 4 severe; 5 very severe/critical,Ordinal symptom severity. Clinical meaning varies by symptom; validate before real-world use.
Blue_Lips,Respiratory,0-5,0 absent; 1 very mild; 2 mild; 3 moderate; 4 severe; 5 very severe/critical,Ordinal symptom severity. Clinical meaning varies by symptom; validate before real-world use.
Stridor,Respiratory,0-5,0 absent; 1 very mild; 2 mild; 3 moderate; 4 severe; 5 very severe/critical,Ordinal symptom severity. Clinical meaning varies by symptom; validate before real-world use.
Nausea,Gastrointestinal,0-5,0 absent; 1 very mild; 2 mild; 3 moderate; 4 severe; 5 very severe/critical,Ordinal symptom severity. Clinical meaning varies by symptom; validate before real-world use.
Vomiting,Gastrointestinal,0-5,0 absent; 1 very mild; 2 mild; 3 moderate; 4 severe; 5 very severe/critical,Ordinal symptom severity. Clinical meaning varies by symptom; validate before real-world use.
Diarrhea,Gastrointestinal,0-5,0 absent; 1 very mild; 2 mild; 3 moderate; 4 severe; 5 very severe/critical,Ordinal symptom severity. Clinical meaning varies by symptom; validate before real-world use.
Bloody_Diarrhea,Gastrointestinal,0-5,0 absent; 1 very mild; 2 mild; 3 moderate; 4 severe; 5 very severe/critical,Ordinal symptom severity. Clinical meaning varies by symptom; validate before real-world use.
Constipation,Gastrointestinal,0-5,0 absent; 1 very mild; 2 mild; 3 moderate; 4 severe; 5 very severe/critical,Ordinal symptom severity. Clinical meaning varies by symptom; validate before real-world use.
Abdominal_Pain,Gastrointestinal,0-5,0 absent; 1 very mild; 2 mild; 3 moderate; 4 severe; 5 very severe/critical,Ordinal symptom severity. Clinical meaning varies by symptom; validate before real-world use.
Epigastric_Pain,Gastrointestinal,0-5,0 absent; 1 very mild; 2 mild; 3 moderate; 4 severe; 5 very severe/critical,Ordinal symptom severity. Clinical meaning varies by symptom; validate before real-world use.
Right_Upper_Abdominal_Pain,Gastrointestinal,0-5,0 absent; 1 very mild; 2 mild; 3 moderate; 4 severe; 5 very severe/critical,Ordinal symptom severity. Clinical meaning varies by symptom; validate before real-world use.
Right_Lower_Abdominal_Pain,Gastrointestinal,0-5,0 absent; 1 very mild; 2 mild; 3 moderate; 4 severe; 5 very severe/critical,Ordinal symptom severity. Clinical meaning varies by symptom; validate before real-world use.
Pelvic_Pain,Gastrointestinal,0-5,0 absent; 1 very mild; 2 mild; 3 moderate; 4 severe; 5 very severe/critical,Ordinal symptom severity. Clinical meaning varies by symptom; validate before real-world use.
Abdominal_Bloating,Gastrointestinal,0-5,0 absent; 1 very mild; 2 mild; 3 moderate; 4 severe; 5 very severe/critical,Ordinal symptom severity. Clinical meaning varies by symptom; validate before real-world use.
Heartburn,Gastrointestinal,0-5,0 absent; 1 very mild; 2 mild; 3 moderate; 4 severe; 5 very severe/critical,Ordinal symptom severity. Clinical meaning varies by symptom; validate before real-world use.
Acid_Regurgitation,Gastrointestinal,0-5,0 absent; 1 very mild; 2 mild; 3 moderate; 4 severe; 5 very severe/critical,Ordinal symptom severity. Clinical meaning varies by symptom; validate before real-world use.
Difficulty_Swallowing,Gastrointestinal,0-5,0 absent; 1 very mild; 2 mild; 3 moderate; 4 severe; 5 very severe/critical,Ordinal symptom severity. Clinical meaning varies by symptom; validate before real-world use.
Painful_Swallowing,Gastrointestinal,0-5,0 absent; 1 very mild; 2 mild; 3 moderate; 4 severe; 5 very severe/critical,Ordinal symptom severity. Clinical meaning varies by symptom; validate before real-world use.
Indigestion,Gastrointestinal,0-5,0 absent; 1 very mild; 2 mild; 3 moderate; 4 severe; 5 very severe/critical,Ordinal symptom severity. Clinical meaning varies by symptom; validate before real-world use.
Early_Satiety,Gastrointestinal,0-5,0 absent; 1 very mild; 2 mild; 3 moderate; 4 severe; 5 very severe/critical,Ordinal symptom severity. Clinical meaning varies by symptom; validate before real-world use.
Excessive_Gas,Gastrointestinal,0-5,0 absent; 1 very mild; 2 mild; 3 moderate; 4 severe; 5 very severe/critical,Ordinal symptom severity. Clinical meaning varies by symptom; validate before real-world use.
Black_Stool,Gastrointestinal,0-5,0 absent; 1 very mild; 2 mild; 3 moderate; 4 severe; 5 very severe/critical,Ordinal symptom severity. Clinical meaning varies by symptom; validate before real-world use.
Blood_in_Stool,Gastrointestinal,0-5,0 absent; 1 very mild; 2 mild; 3 moderate; 4 severe; 5 very severe/critical,Ordinal symptom severity. Clinical meaning varies by symptom; validate before real-world use.
Jaundice,Gastrointestinal,0-5,0 absent; 1 very mild; 2 mild; 3 moderate; 4 severe; 5 very severe/critical,Ordinal symptom severity. Clinical meaning varies by symptom; validate before real-world use.
Pale_Stool,Gastrointestinal,0-5,0 absent; 1 very mild; 2 mild; 3 moderate; 4 severe; 5 very severe/critical,Ordinal symptom severity. Clinical meaning varies by symptom; validate before real-world use.
Dark_Urine,Gastrointestinal,0-5,0 absent; 1 very mild; 2 mild; 3 moderate; 4 severe; 5 very severe/critical,Ordinal symptom severity. Clinical meaning varies by symptom; validate before real-world use.
Rectal_Pain,Gastrointestinal,0-5,0 absent; 1 very mild; 2 mild; 3 moderate; 4 severe; 5 very severe/critical,Ordinal symptom severity. Clinical meaning varies by symptom; validate before real-world use.
Rectal_Itching,Gastrointestinal,0-5,0 absent; 1 very mild; 2 mild; 3 moderate; 4 severe; 5 very severe/critical,Ordinal symptom severity. Clinical meaning varies by symptom; validate before real-world use.
Fecal_Urgency,Gastrointestinal,0-5,0 absent; 1 very mild; 2 mild; 3 moderate; 4 severe; 5 very severe/critical,Ordinal symptom severity. Clinical meaning varies by symptom; validate before real-world use.
Greasy_Stool,Gastrointestinal,0-5,0 absent; 1 very mild; 2 mild; 3 moderate; 4 severe; 5 very severe/critical,Ordinal symptom severity. Clinical meaning varies by symptom; validate before real-world use.
Abdominal_Rigidity,Gastrointestinal,0-5,0 absent; 1 very mild; 2 mild; 3 moderate; 4 severe; 5 very severe/critical,Ordinal symptom severity. Clinical meaning varies by symptom; validate before real-world use.
Headache,Neurological,0-5,0 absent; 1 very mild; 2 mild; 3 moderate; 4 severe; 5 very severe/critical,Ordinal symptom severity. Clinical meaning varies by symptom; validate before real-world use.
Severe_Headache,Neurological,0-5,0 absent; 1 very mild; 2 mild; 3 moderate; 4 severe; 5 very severe/critical,Ordinal symptom severity. Clinical meaning varies by symptom; validate before real-world use.
One_Sided_Headache,Neurological,0-5,0 absent; 1 very mild; 2 mild; 3 moderate; 4 severe; 5 very severe/critical,Ordinal symptom severity. Clinical meaning varies by symptom; validate before real-world use.
Neck_Stiffness,Neurological,0-5,0 absent; 1 very mild; 2 mild; 3 moderate; 4 severe; 5 very severe/critical,Ordinal symptom severity. Clinical meaning varies by symptom; validate before real-world use.
Dizziness,Neurological,0-5,0 absent; 1 very mild; 2 mild; 3 moderate; 4 severe; 5 very severe/critical,Ordinal symptom severity. Clinical meaning varies by symptom; validate before real-world use.
Vertigo,Neurological,0-5,0 absent; 1 very mild; 2 mild; 3 moderate; 4 severe; 5 very severe/critical,Ordinal symptom severity. Clinical meaning varies by symptom; validate before real-world use.
Fainting,Neurological,0-5,0 absent; 1 very mild; 2 mild; 3 moderate; 4 severe; 5 very severe/critical,Ordinal symptom severity. Clinical meaning varies by symptom; validate before real-world use.
Confusion,Neurological,0-5,0 absent; 1 very mild; 2 mild; 3 moderate; 4 severe; 5 very severe/critical,Ordinal symptom severity. Clinical meaning varies by symptom; validate before real-world use.
Memory_Problems,Neurological,0-5,0 absent; 1 very mild; 2 mild; 3 moderate; 4 severe; 5 very severe/critical,Ordinal symptom severity. Clinical meaning varies by symptom; validate before real-world use.
Difficulty_Concentrating,Neurological,0-5,0 absent; 1 very mild; 2 mild; 3 moderate; 4 severe; 5 very severe/critical,Ordinal symptom severity. Clinical meaning varies by symptom; validate before real-world use.
Seizure,Neurological,0-5,0 absent; 1 very mild; 2 mild; 3 moderate; 4 severe; 5 very severe/critical,Ordinal symptom severity. Clinical meaning varies by symptom; validate before real-world use.
Tremor,Neurological,0-5,0 absent; 1 very mild; 2 mild; 3 moderate; 4 severe; 5 very severe/critical,Ordinal symptom severity. Clinical meaning varies by symptom; validate before real-world use.
Balance_Problems,Neurological,0-5,0 absent; 1 very mild; 2 mild; 3 moderate; 4 severe; 5 very severe/critical,Ordinal symptom severity. Clinical meaning varies by symptom; validate before real-world use.
Numbness,Neurological,0-5,0 absent; 1 very mild; 2 mild; 3 moderate; 4 severe; 5 very severe/critical,Ordinal symptom severity. Clinical meaning varies by symptom; validate before real-world use.
Tingling,Neurological,0-5,0 absent; 1 very mild; 2 mild; 3 moderate; 4 severe; 5 very severe/critical,Ordinal symptom severity. Clinical meaning varies by symptom; validate before real-world use.
Muscle_Weakness,Neurological,0-5,0 absent; 1 very mild; 2 mild; 3 moderate; 4 severe; 5 very severe/critical,Ordinal symptom severity. Clinical meaning varies by symptom; validate before real-world use.
One_Sided_Weakness,Neurological,0-5,0 absent; 1 very mild; 2 mild; 3 moderate; 4 severe; 5 very severe/critical,Ordinal symptom severity. Clinical meaning varies by symptom; validate before real-world use.
Facial_Droop,Neurological,0-5,0 absent; 1 very mild; 2 mild; 3 moderate; 4 severe; 5 very severe/critical,Ordinal symptom severity. Clinical meaning varies by symptom; validate before real-world use.
Slurred_Speech,Neurological,0-5,0 absent; 1 very mild; 2 mild; 3 moderate; 4 severe; 5 very severe/critical,Ordinal symptom severity. Clinical meaning varies by symptom; validate before real-world use.
Vision_Loss,Neurological,0-5,0 absent; 1 very mild; 2 mild; 3 moderate; 4 severe; 5 very severe/critical,Ordinal symptom severity. Clinical meaning varies by symptom; validate before real-world use.
Blurred_Vision,Neurological,0-5,0 absent; 1 very mild; 2 mild; 3 moderate; 4 severe; 5 very severe/critical,Ordinal symptom severity. Clinical meaning varies by symptom; validate before real-world use.
Double_Vision,Neurological,0-5,0 absent; 1 very mild; 2 mild; 3 moderate; 4 severe; 5 very severe/critical,Ordinal symptom severity. Clinical meaning varies by symptom; validate before real-world use.
Light_Sensitivity,Neurological,0-5,0 absent; 1 very mild; 2 mild; 3 moderate; 4 severe; 5 very severe/critical,Ordinal symptom severity. Clinical meaning varies by symptom; validate before real-world use.
Sound_Sensitivity,Neurological,0-5,0 absent; 1 very mild; 2 mild; 3 moderate; 4 severe; 5 very severe/critical,Ordinal symptom severity. Clinical meaning varies by symptom; validate before real-world use.
Aura,Neurological,0-5,0 absent; 1 very mild; 2 mild; 3 moderate; 4 severe; 5 very severe/critical,Ordinal symptom severity. Clinical meaning varies by symptom; validate before real-world use.
Restlessness,Neurological,0-5,0 absent; 1 very mild; 2 mild; 3 moderate; 4 severe; 5 very severe/critical,Ordinal symptom severity. Clinical meaning varies by symptom; validate before real-world use.
Insomnia,Neurological,0-5,0 absent; 1 very mild; 2 mild; 3 moderate; 4 severe; 5 very severe/critical,Ordinal symptom severity. Clinical meaning varies by symptom; validate before real-world use.
Brain_Fog,Neurological,0-5,0 absent; 1 very mild; 2 mild; 3 moderate; 4 severe; 5 very severe/critical,Ordinal symptom severity. Clinical meaning varies by symptom; validate before real-world use.
Post_Exertional_Malaise,Neurological,0-5,0 absent; 1 very mild; 2 mild; 3 moderate; 4 severe; 5 very severe/critical,Ordinal symptom severity. Clinical meaning varies by symptom; validate before real-world use.
Muscle_Rigidity,Neurological,0-5,0 absent; 1 very mild; 2 mild; 3 moderate; 4 severe; 5 very severe/critical,Ordinal symptom severity. Clinical meaning varies by symptom; validate before real-world use.
Palpitations,Cardiovascular,0-5,0 absent; 1 very mild; 2 mild; 3 moderate; 4 severe; 5 very severe/critical,Ordinal symptom severity. Clinical meaning varies by symptom; validate before real-world use.
Rapid_Heartbeat,Cardiovascular,0-5,0 absent; 1 very mild; 2 mild; 3 moderate; 4 severe; 5 very severe/critical,Ordinal symptom severity. Clinical meaning varies by symptom; validate before real-world use.
Slow_Heartbeat,Cardiovascular,0-5,0 absent; 1 very mild; 2 mild; 3 moderate; 4 severe; 5 very severe/critical,Ordinal symptom severity. Clinical meaning varies by symptom; validate before real-world use.
Irregular_Heartbeat,Cardiovascular,0-5,0 absent; 1 very mild; 2 mild; 3 moderate; 4 severe; 5 very severe/critical,Ordinal symptom severity. Clinical meaning varies by symptom; validate before real-world use.
Leg_Swelling,Cardiovascular,0-5,0 absent; 1 very mild; 2 mild; 3 moderate; 4 severe; 5 very severe/critical,Ordinal symptom severity. Clinical meaning varies by symptom; validate before real-world use.
Ankle_Swelling,Cardiovascular,0-5,0 absent; 1 very mild; 2 mild; 3 moderate; 4 severe; 5 very severe/critical,Ordinal symptom severity. Clinical meaning varies by symptom; validate before real-world use.
Orthopnea,Cardiovascular,0-5,0 absent; 1 very mild; 2 mild; 3 moderate; 4 severe; 5 very severe/critical,Ordinal symptom severity. Clinical meaning varies by symptom; validate before real-world use.
Paroxysmal_Nocturnal_Dyspnea,Cardiovascular,0-5,0 absent; 1 very mild; 2 mild; 3 moderate; 4 severe; 5 very severe/critical,Ordinal symptom severity. Clinical meaning varies by symptom; validate before real-world use.
Low_Blood_Pressure_Symptoms,Cardiovascular,0-5,0 absent; 1 very mild; 2 mild; 3 moderate; 4 severe; 5 very severe/critical,Ordinal symptom severity. Clinical meaning varies by symptom; validate before real-world use.
High_Blood_Pressure_Symptoms,Cardiovascular,0-5,0 absent; 1 very mild; 2 mild; 3 moderate; 4 severe; 5 very severe/critical,Ordinal symptom severity. Clinical meaning varies by symptom; validate before real-world use.
Calf_Pain,Cardiovascular,0-5,0 absent; 1 very mild; 2 mild; 3 moderate; 4 severe; 5 very severe/critical,Ordinal symptom severity. Clinical meaning varies by symptom; validate before real-world use.
Cold_Extremities,Cardiovascular,0-5,0 absent; 1 very mild; 2 mild; 3 moderate; 4 severe; 5 very severe/critical,Ordinal symptom severity. Clinical meaning varies by symptom; validate before real-world use.
Frequent_Urination,Urinary_Renal,0-5,0 absent; 1 very mild; 2 mild; 3 moderate; 4 severe; 5 very severe/critical,Ordinal symptom severity. Clinical meaning varies by symptom; validate before real-world use.
Urgency_Urination,Urinary_Renal,0-5,0 absent; 1 very mild; 2 mild; 3 moderate; 4 severe; 5 very severe/critical,Ordinal symptom severity. Clinical meaning varies by symptom; validate before real-world use.
Painful_Urination,Urinary_Renal,0-5,0 absent; 1 very mild; 2 mild; 3 moderate; 4 severe; 5 very severe/critical,Ordinal symptom severity. Clinical meaning varies by symptom; validate before real-world use.
Blood_in_Urine,Urinary_Renal,0-5,0 absent; 1 very mild; 2 mild; 3 moderate; 4 severe; 5 very severe/critical,Ordinal symptom severity. Clinical meaning varies by symptom; validate before real-world use.
Cloudy_Urine,Urinary_Renal,0-5,0 absent; 1 very mild; 2 mild; 3 moderate; 4 severe; 5 very severe/critical,Ordinal symptom severity. Clinical meaning varies by symptom; validate before real-world use.
Foul_Smelling_Urine,Urinary_Renal,0-5,0 absent; 1 very mild; 2 mild; 3 moderate; 4 severe; 5 very severe/critical,Ordinal symptom severity. Clinical meaning varies by symptom; validate before real-world use.
Flank_Pain,Urinary_Renal,0-5,0 absent; 1 very mild; 2 mild; 3 moderate; 4 severe; 5 very severe/critical,Ordinal symptom severity. Clinical meaning varies by symptom; validate before real-world use.
Reduced_Urine_Output,Urinary_Renal,0-5,0 absent; 1 very mild; 2 mild; 3 moderate; 4 severe; 5 very severe/critical,Ordinal symptom severity. Clinical meaning varies by symptom; validate before real-world use.
Excessive_Thirst,Urinary_Renal,0-5,0 absent; 1 very mild; 2 mild; 3 moderate; 4 severe; 5 very severe/critical,Ordinal symptom severity. Clinical meaning varies by symptom; validate before real-world use.
Nocturia,Urinary_Renal,0-5,0 absent; 1 very mild; 2 mild; 3 moderate; 4 severe; 5 very severe/critical,Ordinal symptom severity. Clinical meaning varies by symptom; validate before real-world use.
Urinary_Retention,Urinary_Renal,0-5,0 absent; 1 very mild; 2 mild; 3 moderate; 4 severe; 5 very severe/critical,Ordinal symptom severity. Clinical meaning varies by symptom; validate before real-world use.
Incontinence,Urinary_Renal,0-5,0 absent; 1 very mild; 2 mild; 3 moderate; 4 severe; 5 very severe/critical,Ordinal symptom severity. Clinical meaning varies by symptom; validate before real-world use.
Foamy_Urine,Urinary_Renal,0-5,0 absent; 1 very mild; 2 mild; 3 moderate; 4 severe; 5 very severe/critical,Ordinal symptom severity. Clinical meaning varies by symptom; validate before real-world use.
Rash,Skin,0-5,0 absent; 1 very mild; 2 mild; 3 moderate; 4 severe; 5 very severe/critical,Ordinal symptom severity. Clinical meaning varies by symptom; validate before real-world use.
Itching,Skin,0-5,0 absent; 1 very mild; 2 mild; 3 moderate; 4 severe; 5 very severe/critical,Ordinal symptom severity. Clinical meaning varies by symptom; validate before real-world use.
Hives,Skin,0-5,0 absent; 1 very mild; 2 mild; 3 moderate; 4 severe; 5 very severe/critical,Ordinal symptom severity. Clinical meaning varies by symptom; validate before real-world use.
Red_Skin,Skin,0-5,0 absent; 1 very mild; 2 mild; 3 moderate; 4 severe; 5 very severe/critical,Ordinal symptom severity. Clinical meaning varies by symptom; validate before real-world use.
Dry_Skin,Skin,0-5,0 absent; 1 very mild; 2 mild; 3 moderate; 4 severe; 5 very severe/critical,Ordinal symptom severity. Clinical meaning varies by symptom; validate before real-world use.
Scaly_Skin,Skin,0-5,0 absent; 1 very mild; 2 mild; 3 moderate; 4 severe; 5 very severe/critical,Ordinal symptom severity. Clinical meaning varies by symptom; validate before real-world use.
Blisters,Skin,0-5,0 absent; 1 very mild; 2 mild; 3 moderate; 4 severe; 5 very severe/critical,Ordinal symptom severity. Clinical meaning varies by symptom; validate before real-world use.
Skin_Pain,Skin,0-5,0 absent; 1 very mild; 2 mild; 3 moderate; 4 severe; 5 very severe/critical,Ordinal symptom severity. Clinical meaning varies by symptom; validate before real-world use.
Skin_Ulcer,Skin,0-5,0 absent; 1 very mild; 2 mild; 3 moderate; 4 severe; 5 very severe/critical,Ordinal symptom severity. Clinical meaning varies by symptom; validate before real-world use.
Pus_Discharge,Skin,0-5,0 absent; 1 very mild; 2 mild; 3 moderate; 4 severe; 5 very severe/critical,Ordinal symptom severity. Clinical meaning varies by symptom; validate before real-world use.
Hair_Loss,Skin,0-5,0 absent; 1 very mild; 2 mild; 3 moderate; 4 severe; 5 very severe/critical,Ordinal symptom severity. Clinical meaning varies by symptom; validate before real-world use.
Bruising,Skin,0-5,0 absent; 1 very mild; 2 mild; 3 moderate; 4 severe; 5 very severe/critical,Ordinal symptom severity. Clinical meaning varies by symptom; validate before real-world use.
Petechiae,Skin,0-5,0 absent; 1 very mild; 2 mild; 3 moderate; 4 severe; 5 very severe/critical,Ordinal symptom severity. Clinical meaning varies by symptom; validate before real-world use.
Purple_Rash,Skin,0-5,0 absent; 1 very mild; 2 mild; 3 moderate; 4 severe; 5 very severe/critical,Ordinal symptom severity. Clinical meaning varies by symptom; validate before real-world use.
Facial_Swelling,Skin,0-5,0 absent; 1 very mild; 2 mild; 3 moderate; 4 severe; 5 very severe/critical,Ordinal symptom severity. Clinical meaning varies by symptom; validate before real-world use.
Lip_Tongue_Swelling,Skin,0-5,0 absent; 1 very mild; 2 mild; 3 moderate; 4 severe; 5 very severe/critical,Ordinal symptom severity. Clinical meaning varies by symptom; validate before real-world use.
Local_Warmth,Skin,0-5,0 absent; 1 very mild; 2 mild; 3 moderate; 4 severe; 5 very severe/critical,Ordinal symptom severity. Clinical meaning varies by symptom; validate before real-world use.
Skin_Discoloration,Skin,0-5,0 absent; 1 very mild; 2 mild; 3 moderate; 4 severe; 5 very severe/critical,Ordinal symptom severity. Clinical meaning varies by symptom; validate before real-world use.
Non_Healing_Wound,Skin,0-5,0 absent; 1 very mild; 2 mild; 3 moderate; 4 severe; 5 very severe/critical,Ordinal symptom severity. Clinical meaning varies by symptom; validate before real-world use.
Joint_Pain,Musculoskeletal,0-5,0 absent; 1 very mild; 2 mild; 3 moderate; 4 severe; 5 very severe/critical,Ordinal symptom severity. Clinical meaning varies by symptom; validate before real-world use.
Joint_Swelling,Musculoskeletal,0-5,0 absent; 1 very mild; 2 mild; 3 moderate; 4 severe; 5 very severe/critical,Ordinal symptom severity. Clinical meaning varies by symptom; validate before real-world use.
Joint_Stiffness,Musculoskeletal,0-5,0 absent; 1 very mild; 2 mild; 3 moderate; 4 severe; 5 very severe/critical,Ordinal symptom severity. Clinical meaning varies by symptom; validate before real-world use.
Morning_Stiffness,Musculoskeletal,0-5,0 absent; 1 very mild; 2 mild; 3 moderate; 4 severe; 5 very severe/critical,Ordinal symptom severity. Clinical meaning varies by symptom; validate before real-world use.
Muscle_Pain,Musculoskeletal,0-5,0 absent; 1 very mild; 2 mild; 3 moderate; 4 severe; 5 very severe/critical,Ordinal symptom severity. Clinical meaning varies by symptom; validate before real-world use.
Muscle_Cramps,Musculoskeletal,0-5,0 absent; 1 very mild; 2 mild; 3 moderate; 4 severe; 5 very severe/critical,Ordinal symptom severity. Clinical meaning varies by symptom; validate before real-world use.
Back_Pain,Musculoskeletal,0-5,0 absent; 1 very mild; 2 mild; 3 moderate; 4 severe; 5 very severe/critical,Ordinal symptom severity. Clinical meaning varies by symptom; validate before real-world use.
Low_Back_Pain,Musculoskeletal,0-5,0 absent; 1 very mild; 2 mild; 3 moderate; 4 severe; 5 very severe/critical,Ordinal symptom severity. Clinical meaning varies by symptom; validate before real-world use.
Neck_Pain,Musculoskeletal,0-5,0 absent; 1 very mild; 2 mild; 3 moderate; 4 severe; 5 very severe/critical,Ordinal symptom severity. Clinical meaning varies by symptom; validate before real-world use.
Shoulder_Pain,Musculoskeletal,0-5,0 absent; 1 very mild; 2 mild; 3 moderate; 4 severe; 5 very severe/critical,Ordinal symptom severity. Clinical meaning varies by symptom; validate before real-world use.
Knee_Pain,Musculoskeletal,0-5,0 absent; 1 very mild; 2 mild; 3 moderate; 4 severe; 5 very severe/critical,Ordinal symptom severity. Clinical meaning varies by symptom; validate before real-world use.
Hip_Pain,Musculoskeletal,0-5,0 absent; 1 very mild; 2 mild; 3 moderate; 4 severe; 5 very severe/critical,Ordinal symptom severity. Clinical meaning varies by symptom; validate before real-world use.
Bone_Pain,Musculoskeletal,0-5,0 absent; 1 very mild; 2 mild; 3 moderate; 4 severe; 5 very severe/critical,Ordinal symptom severity. Clinical meaning varies by symptom; validate before real-world use.
Limited_Mobility,Musculoskeletal,0-5,0 absent; 1 very mild; 2 mild; 3 moderate; 4 severe; 5 very severe/critical,Ordinal symptom severity. Clinical meaning varies by symptom; validate before real-world use.
Sciatic_Pain,Musculoskeletal,0-5,0 absent; 1 very mild; 2 mild; 3 moderate; 4 severe; 5 very severe/critical,Ordinal symptom severity. Clinical meaning varies by symptom; validate before real-world use.
Heel_Pain,Musculoskeletal,0-5,0 absent; 1 very mild; 2 mild; 3 moderate; 4 severe; 5 very severe/critical,Ordinal symptom severity. Clinical meaning varies by symptom; validate before real-world use.
Jaw_Pain,Musculoskeletal,0-5,0 absent; 1 very mild; 2 mild; 3 moderate; 4 severe; 5 very severe/critical,Ordinal symptom severity. Clinical meaning varies by symptom; validate before real-world use.
Red_Eyes,Eye_ENT_Dental,0-5,0 absent; 1 very mild; 2 mild; 3 moderate; 4 severe; 5 very severe/critical,Ordinal symptom severity. Clinical meaning varies by symptom; validate before real-world use.
Eye_Pain,Eye_ENT_Dental,0-5,0 absent; 1 very mild; 2 mild; 3 moderate; 4 severe; 5 very severe/critical,Ordinal symptom severity. Clinical meaning varies by symptom; validate before real-world use.
Eye_Discharge,Eye_ENT_Dental,0-5,0 absent; 1 very mild; 2 mild; 3 moderate; 4 severe; 5 very severe/critical,Ordinal symptom severity. Clinical meaning varies by symptom; validate before real-world use.
Watery_Eyes,Eye_ENT_Dental,0-5,0 absent; 1 very mild; 2 mild; 3 moderate; 4 severe; 5 very severe/critical,Ordinal symptom severity. Clinical meaning varies by symptom; validate before real-world use.
Dry_Eyes,Eye_ENT_Dental,0-5,0 absent; 1 very mild; 2 mild; 3 moderate; 4 severe; 5 very severe/critical,Ordinal symptom severity. Clinical meaning varies by symptom; validate before real-world use.
Halo_Around_Lights,Eye_ENT_Dental,0-5,0 absent; 1 very mild; 2 mild; 3 moderate; 4 severe; 5 very severe/critical,Ordinal symptom severity. Clinical meaning varies by symptom; validate before real-world use.
Ear_Pain,Eye_ENT_Dental,0-5,0 absent; 1 very mild; 2 mild; 3 moderate; 4 severe; 5 very severe/critical,Ordinal symptom severity. Clinical meaning varies by symptom; validate before real-world use.
Ear_Discharge,Eye_ENT_Dental,0-5,0 absent; 1 very mild; 2 mild; 3 moderate; 4 severe; 5 very severe/critical,Ordinal symptom severity. Clinical meaning varies by symptom; validate before real-world use.
Hearing_Loss,Eye_ENT_Dental,0-5,0 absent; 1 very mild; 2 mild; 3 moderate; 4 severe; 5 very severe/critical,Ordinal symptom severity. Clinical meaning varies by symptom; validate before real-world use.
Ringing_in_Ears,Eye_ENT_Dental,0-5,0 absent; 1 very mild; 2 mild; 3 moderate; 4 severe; 5 very severe/critical,Ordinal symptom severity. Clinical meaning varies by symptom; validate before real-world use.
Sinus_Pressure,Eye_ENT_Dental,0-5,0 absent; 1 very mild; 2 mild; 3 moderate; 4 severe; 5 very severe/critical,Ordinal symptom severity. Clinical meaning varies by symptom; validate before real-world use.
Facial_Pain,Eye_ENT_Dental,0-5,0 absent; 1 very mild; 2 mild; 3 moderate; 4 severe; 5 very severe/critical,Ordinal symptom severity. Clinical meaning varies by symptom; validate before real-world use.
Toothache,Eye_ENT_Dental,0-5,0 absent; 1 very mild; 2 mild; 3 moderate; 4 severe; 5 very severe/critical,Ordinal symptom severity. Clinical meaning varies by symptom; validate before real-world use.
Gum_Swelling,Eye_ENT_Dental,0-5,0 absent; 1 very mild; 2 mild; 3 moderate; 4 severe; 5 very severe/critical,Ordinal symptom severity. Clinical meaning varies by symptom; validate before real-world use.
Bad_Breath,Eye_ENT_Dental,0-5,0 absent; 1 very mild; 2 mild; 3 moderate; 4 severe; 5 very severe/critical,Ordinal symptom severity. Clinical meaning varies by symptom; validate before real-world use.
Mouth_Ulcers,Eye_ENT_Dental,0-5,0 absent; 1 very mild; 2 mild; 3 moderate; 4 severe; 5 very severe/critical,Ordinal symptom severity. Clinical meaning varies by symptom; validate before real-world use.
Nosebleed,Eye_ENT_Dental,0-5,0 absent; 1 very mild; 2 mild; 3 moderate; 4 severe; 5 very severe/critical,Ordinal symptom severity. Clinical meaning varies by symptom; validate before real-world use.
Heat_Intolerance,Endocrine_Metabolic,0-5,0 absent; 1 very mild; 2 mild; 3 moderate; 4 severe; 5 very severe/critical,Ordinal symptom severity. Clinical meaning varies by symptom; validate before real-world use.
Cold_Intolerance,Endocrine_Metabolic,0-5,0 absent; 1 very mild; 2 mild; 3 moderate; 4 severe; 5 very severe/critical,Ordinal symptom severity. Clinical meaning varies by symptom; validate before real-world use.
Excessive_Sweating,Endocrine_Metabolic,0-5,0 absent; 1 very mild; 2 mild; 3 moderate; 4 severe; 5 very severe/critical,Ordinal symptom severity. Clinical meaning varies by symptom; validate before real-world use.
Dry_Mouth,Endocrine_Metabolic,0-5,0 absent; 1 very mild; 2 mild; 3 moderate; 4 severe; 5 very severe/critical,Ordinal symptom severity. Clinical meaning varies by symptom; validate before real-world use.
Increased_Hunger,Endocrine_Metabolic,0-5,0 absent; 1 very mild; 2 mild; 3 moderate; 4 severe; 5 very severe/critical,Ordinal symptom severity. Clinical meaning varies by symptom; validate before real-world use.
Delayed_Wound_Healing,Endocrine_Metabolic,0-5,0 absent; 1 very mild; 2 mild; 3 moderate; 4 severe; 5 very severe/critical,Ordinal symptom severity. Clinical meaning varies by symptom; validate before real-world use.
Brittle_Nails,Endocrine_Metabolic,0-5,0 absent; 1 very mild; 2 mild; 3 moderate; 4 severe; 5 very severe/critical,Ordinal symptom severity. Clinical meaning varies by symptom; validate before real-world use.
Puffy_Face,Endocrine_Metabolic,0-5,0 absent; 1 very mild; 2 mild; 3 moderate; 4 severe; 5 very severe/critical,Ordinal symptom severity. Clinical meaning varies by symptom; validate before real-world use.
Central_Weight_Gain,Endocrine_Metabolic,0-5,0 absent; 1 very mild; 2 mild; 3 moderate; 4 severe; 5 very severe/critical,Ordinal symptom severity. Clinical meaning varies by symptom; validate before real-world use.
Salt_Craving,Endocrine_Metabolic,0-5,0 absent; 1 very mild; 2 mild; 3 moderate; 4 severe; 5 very severe/critical,Ordinal symptom severity. Clinical meaning varies by symptom; validate before real-world use.
Irregular_Periods,Reproductive,0-5,0 absent; 1 very mild; 2 mild; 3 moderate; 4 severe; 5 very severe/critical,Ordinal symptom severity. Clinical meaning varies by symptom; validate before real-world use.
Heavy_Periods,Reproductive,0-5,0 absent; 1 very mild; 2 mild; 3 moderate; 4 severe; 5 very severe/critical,Ordinal symptom severity. Clinical meaning varies by symptom; validate before real-world use.
Painful_Periods,Reproductive,0-5,0 absent; 1 very mild; 2 mild; 3 moderate; 4 severe; 5 very severe/critical,Ordinal symptom severity. Clinical meaning varies by symptom; validate before real-world use.
Missed_Period,Reproductive,0-5,0 absent; 1 very mild; 2 mild; 3 moderate; 4 severe; 5 very severe/critical,Ordinal symptom severity. Clinical meaning varies by symptom; validate before real-world use.
Vaginal_Discharge,Reproductive,0-5,0 absent; 1 very mild; 2 mild; 3 moderate; 4 severe; 5 very severe/critical,Ordinal symptom severity. Clinical meaning varies by symptom; validate before real-world use.
Vaginal_Bleeding,Reproductive,0-5,0 absent; 1 very mild; 2 mild; 3 moderate; 4 severe; 5 very severe/critical,Ordinal symptom severity. Clinical meaning varies by symptom; validate before real-world use.
Painful_Intercourse,Reproductive,0-5,0 absent; 1 very mild; 2 mild; 3 moderate; 4 severe; 5 very severe/critical,Ordinal symptom severity. Clinical meaning varies by symptom; validate before real-world use.
Genital_Itching,Reproductive,0-5,0 absent; 1 very mild; 2 mild; 3 moderate; 4 severe; 5 very severe/critical,Ordinal symptom severity. Clinical meaning varies by symptom; validate before real-world use.
Testicular_Pain,Reproductive,0-5,0 absent; 1 very mild; 2 mild; 3 moderate; 4 severe; 5 very severe/critical,Ordinal symptom severity. Clinical meaning varies by symptom; validate before real-world use.
Erectile_Dysfunction,Reproductive,0-5,0 absent; 1 very mild; 2 mild; 3 moderate; 4 severe; 5 very severe/critical,Ordinal symptom severity. Clinical meaning varies by symptom; validate before real-world use.
Breast_Lump,Reproductive,0-5,0 absent; 1 very mild; 2 mild; 3 moderate; 4 severe; 5 very severe/critical,Ordinal symptom severity. Clinical meaning varies by symptom; validate before real-world use.
Nipple_Discharge,Reproductive,0-5,0 absent; 1 very mild; 2 mild; 3 moderate; 4 severe; 5 very severe/critical,Ordinal symptom severity. Clinical meaning varies by symptom; validate before real-world use.
Infertility,Reproductive,0-5,0 absent; 1 very mild; 2 mild; 3 moderate; 4 severe; 5 very severe/critical,Ordinal symptom severity. Clinical meaning varies by symptom; validate before real-world use.
Anxiety,Mental_Behavioral,0-5,0 absent; 1 very mild; 2 mild; 3 moderate; 4 severe; 5 very severe/critical,Ordinal symptom severity. Clinical meaning varies by symptom; validate before real-world use.
Panic,Mental_Behavioral,0-5,0 absent; 1 very mild; 2 mild; 3 moderate; 4 severe; 5 very severe/critical,Ordinal symptom severity. Clinical meaning varies by symptom; validate before real-world use.
Depressed_Mood,Mental_Behavioral,0-5,0 absent; 1 very mild; 2 mild; 3 moderate; 4 severe; 5 very severe/critical,Ordinal symptom severity. Clinical meaning varies by symptom; validate before real-world use.
Loss_of_Interest,Mental_Behavioral,0-5,0 absent; 1 very mild; 2 mild; 3 moderate; 4 severe; 5 very severe/critical,Ordinal symptom severity. Clinical meaning varies by symptom; validate before real-world use.
Irritability,Mental_Behavioral,0-5,0 absent; 1 very mild; 2 mild; 3 moderate; 4 severe; 5 very severe/critical,Ordinal symptom severity. Clinical meaning varies by symptom; validate before real-world use.
Mood_Swings,Mental_Behavioral,0-5,0 absent; 1 very mild; 2 mild; 3 moderate; 4 severe; 5 very severe/critical,Ordinal symptom severity. Clinical meaning varies by symptom; validate before real-world use.
Racing_Thoughts,Mental_Behavioral,0-5,0 absent; 1 very mild; 2 mild; 3 moderate; 4 severe; 5 very severe/critical,Ordinal symptom severity. Clinical meaning varies by symptom; validate before real-world use.
Hallucinations,Mental_Behavioral,0-5,0 absent; 1 very mild; 2 mild; 3 moderate; 4 severe; 5 very severe/critical,Ordinal symptom severity. Clinical meaning varies by symptom; validate before real-world use.
Self_Harm_Thoughts,Mental_Behavioral,0-5,0 absent; 1 very mild; 2 mild; 3 moderate; 4 severe; 5 very severe/critical,Ordinal symptom severity. Clinical meaning varies by symptom; validate before real-world use.
Social_Withdrawal,Mental_Behavioral,0-5,0 absent; 1 very mild; 2 mild; 3 moderate; 4 severe; 5 very severe/critical,Ordinal symptom severity. Clinical meaning varies by symptom; validate before real-world use.
Compulsive_Behavior,Mental_Behavioral,0-5,0 absent; 1 very mild; 2 mild; 3 moderate; 4 severe; 5 very severe/critical,Ordinal symptom severity. Clinical meaning varies by symptom; validate before real-world use.
