,precision,recall,f1-score,support
Acne,0.8666666666666667,0.896551724137931,0.8813559322033898,29.0
Acute_Angle_Closure_Glaucoma,1.0,1.0,1.0,12.0
Acute_Bronchitis,0.8181818181818182,0.8709677419354839,0.84375,31.0
Acute_Cholecystitis,1.0,1.0,1.0,11.0
Acute_HIV_Syndrome,0.875,0.5833333333333334,0.7,12.0
Acute_Kidney_Injury,1.0,1.0,1.0,18.0
Acute_Myocardial_Infarction,0.9444444444444444,1.0,0.9714285714285714,17.0
Acute_Otitis_Media,1.0,1.0,1.0,22.0
Acute_Pancreatitis,0.9375,1.0,0.967741935483871,15.0
Acute_Sinusitis,0.9714285714285714,1.0,0.9855072463768116,34.0
Adrenal_Insufficiency,1.0,0.8461538461538461,0.9166666666666666,13.0
Allergic_Rhinitis,0.9777777777777777,1.0,0.9887640449438202,44.0
Alopecia_Areata,1.0,1.0,1.0,10.0
Anaphylaxis,1.0,0.9333333333333333,0.9655172413793104,15.0
Ankylosing_Spondylitis,1.0,0.875,0.9333333333333333,16.0
Aortic_Dissection,1.0,1.0,1.0,9.0
Appendicitis,1.0,1.0,1.0,20.0
Asthma_Exacerbation,0.8666666666666667,0.8387096774193549,0.8524590163934426,31.0
Atopic_Dermatitis,0.8518518518518519,0.8518518518518519,0.8518518518518519,27.0
Atrial_Fibrillation,0.9375,0.8823529411764706,0.9090909090909091,17.0
Bacterial_Conjunctivitis,0.9666666666666667,0.9354838709677419,0.9508196721311475,31.0
Bacterial_Pneumonia,1.0,0.8518518518518519,0.92,27.0
Bells_Palsy,1.0,1.0,1.0,20.0
Benign_Positional_Vertigo,1.0,0.9655172413793104,0.9824561403508771,29.0
Benign_Prostatic_Hyperplasia,0.88,0.9166666666666666,0.8979591836734694,24.0
Bipolar_Mania,1.0,0.9,0.9473684210526315,10.0
Bladder_Cancer,0.8888888888888888,1.0,0.9411764705882353,16.0
Bursitis,0.9583333333333334,0.9583333333333334,0.9583333333333334,24.0
COPD_Exacerbation,0.7857142857142857,0.7586206896551724,0.7719298245614035,29.0
COVID_19,1.0,0.935064935064935,0.9664429530201343,77.0
Cardiomyopathy,1.0,0.9090909090909091,0.9523809523809523,11.0
Carpal_Tunnel_Syndrome,1.0,0.9473684210526315,0.972972972972973,19.0
Cataract,0.9615384615384616,0.9615384615384616,0.9615384615384616,26.0
Celiac_Disease,0.8461538461538461,1.0,0.9166666666666666,11.0
Cellulitis,1.0,1.0,1.0,16.0
Cervical_Cancer,1.0,0.9375,0.967741935483871,16.0
Chickenpox,0.9473684210526315,0.8571428571428571,0.9,21.0
Chikungunya,0.8823529411764706,1.0,0.9375,15.0
Cholera,0.9444444444444444,1.0,0.9714285714285714,17.0
Chronic_Kidney_Disease,1.0,1.0,1.0,20.0
Cirrhosis,1.0,1.0,1.0,10.0
Cluster_Headache,1.0,1.0,1.0,10.0
Colorectal_Cancer,0.95,1.0,0.9743589743589743,19.0
Common_Cold,0.9529411764705882,0.9878048780487805,0.9700598802395209,82.0
Concussion,0.9545454545454546,1.0,0.9767441860465116,21.0
Constipation,0.7647058823529411,0.8387096774193549,0.8,31.0
Contact_Dermatitis,0.696969696969697,0.8518518518518519,0.7666666666666667,27.0
Corneal_Abrasion,1.0,0.5882352941176471,0.7407407407407407,17.0
Crohn_Disease,1.0,1.0,1.0,17.0
Cushing_Syndrome,1.0,1.0,1.0,7.0
Deep_Vein_Thrombosis,1.0,1.0,1.0,12.0
Dehydration,1.0,1.0,1.0,26.0
Dementia,0.9166666666666666,1.0,0.9565217391304348,22.0
Dengue,0.96,0.96,0.96,25.0
Dental_Abscess,1.0,0.8571428571428571,0.9230769230769231,21.0
Diabetic_Ketoacidosis,1.0,1.0,1.0,14.0
Diverticulitis,0.6875,0.9166666666666666,0.7857142857142857,12.0
Dry_Eye_Syndrome,1.0,1.0,1.0,37.0
Dysmenorrhea,1.0,1.0,1.0,32.0
Ectopic_Pregnancy,1.0,1.0,1.0,15.0
Encephalitis,1.0,1.0,1.0,11.0
Endometriosis,1.0,1.0,1.0,20.0
Epididymitis,0.8888888888888888,1.0,0.9411764705882353,16.0
Epilepsy,0.96,1.0,0.9795918367346939,24.0
Fatty_Liver_Disease,0.9545454545454546,0.9545454545454546,0.9545454545454546,22.0
Fibromyalgia,0.9473684210526315,0.9,0.9230769230769231,20.0
Food_Poisoning,0.9523809523809523,0.9090909090909091,0.9302325581395349,66.0
GERD,1.0,1.0,1.0,36.0
Gallstones,1.0,0.8823529411764706,0.9375,17.0
Gastritis,0.9714285714285714,0.918918918918919,0.9444444444444444,37.0
Generalized_Anxiety_Disorder,0.9259259259259259,1.0,0.9615384615384616,25.0
Glomerulonephritis,1.0,0.6666666666666666,0.8,6.0
Gout,1.0,1.0,1.0,20.0
Hand_Foot_Mouth_Disease,0.9333333333333333,1.0,0.9655172413793104,14.0
Heart_Failure,0.8823529411764706,1.0,0.9375,15.0
Heat_Exhaustion,0.9473684210526315,0.8181818181818182,0.8780487804878049,22.0
Heat_Stroke,1.0,1.0,1.0,15.0
Hemorrhoids,1.0,1.0,1.0,28.0
Hepatitis_A,1.0,1.0,1.0,9.0
Hepatitis_B,0.9090909090909091,1.0,0.9523809523809523,10.0
Hyperkalemia,1.0,1.0,1.0,9.0
Hypertension,0.9565217391304348,0.9166666666666666,0.9361702127659575,24.0
Hyperthyroidism,1.0,1.0,1.0,23.0
Hypoglycemia,1.0,0.96875,0.9841269841269841,32.0
Hyponatremia,1.0,0.9090909090909091,0.9523809523809523,22.0
Hypotension,0.9411764705882353,1.0,0.9696969696969697,16.0
Hypothyroidism,0.9523809523809523,1.0,0.975609756097561,20.0
Impetigo,0.8461538461538461,0.7857142857142857,0.8148148148148148,14.0
Infectious_Mononucleosis,0.6470588235294118,0.7333333333333333,0.6875,15.0
Infective_Endocarditis,1.0,0.9230769230769231,0.96,13.0
Influenza,0.88,0.9705882352941176,0.9230769230769231,68.0
Insomnia_Disorder,0.8275862068965517,0.9230769230769231,0.8727272727272727,26.0
Iron_Deficiency_Anemia,0.9642857142857143,1.0,0.9818181818181818,27.0
Irritable_Bowel_Syndrome,1.0,0.9142857142857143,0.9552238805970149,35.0
Ischemic_Stroke,1.0,0.9166666666666666,0.9565217391304348,12.0
Japanese_Encephalitis,1.0,1.0,1.0,9.0
Kala_Azar,0.9230769230769231,0.9230769230769231,0.9230769230769231,13.0
Kidney_Stone,1.0,0.9545454545454546,0.9767441860465116,22.0
Labyrinthitis,1.0,1.0,1.0,12.0
Lactose_Intolerance,0.8235294117647058,0.9032258064516129,0.8615384615384616,31.0
Laryngitis,0.95,0.95,0.95,20.0
Leptospirosis,1.0,0.9444444444444444,0.9714285714285714,18.0
Leukemia,1.0,1.0,1.0,13.0
Lower_UTI,1.0,1.0,1.0,40.0
Lumbar_Strain,1.0,0.9743589743589743,0.987012987012987,39.0
Lyme_Disease,1.0,0.8823529411764706,0.9375,17.0
Lymphoma,1.0,1.0,1.0,15.0
Major_Depressive_Disorder,1.0,0.9583333333333334,0.9787234042553191,24.0
Malaria,0.9259259259259259,0.9615384615384616,0.9433962264150944,26.0
Measles,0.8823529411764706,0.9375,0.9090909090909091,16.0
Melanoma,1.0,0.9333333333333333,0.9655172413793104,15.0
Meniere_Disease,1.0,0.9285714285714286,0.9629629629629629,14.0
Meningitis,1.0,1.0,1.0,16.0
Menopause,1.0,1.0,1.0,14.0
Migraine,0.9876543209876543,0.9876543209876543,0.9876543209876543,81.0
Multiple_Sclerosis,0.9444444444444444,1.0,0.9714285714285714,17.0
Mumps,1.0,0.9230769230769231,0.96,13.0
Myositis,1.0,1.0,1.0,26.0
Nephrotic_Syndrome,0.9230769230769231,1.0,0.96,12.0
Obstructive_Sleep_Apnea,1.0,1.0,1.0,21.0
Osteoarthritis,0.9615384615384616,1.0,0.9803921568627451,25.0
Osteoporosis_Fracture,1.0,0.9411764705882353,0.9696969696969697,17.0
Otitis_Externa,0.9473684210526315,1.0,0.972972972972973,18.0
Overactive_Bladder,1.0,0.9545454545454546,0.9767441860465116,22.0
Panic_Disorder,1.0,1.0,1.0,21.0
Parkinson_Disease,1.0,1.0,1.0,10.0
Pelvic_Inflammatory_Disease,0.9545454545454546,1.0,0.9767441860465116,21.0
Peptic_Ulcer_Disease,1.0,1.0,1.0,21.0
Pericarditis,0.9,0.9,0.9,10.0
Periodontitis,0.8260869565217391,1.0,0.9047619047619048,19.0
Peripheral_Artery_Disease,1.0,1.0,1.0,17.0
Peripheral_Neuropathy,1.0,1.0,1.0,16.0
Pertussis,1.0,1.0,1.0,12.0
Pleurisy,0.9,0.8181818181818182,0.8571428571428571,11.0
Pneumothorax,1.0,1.0,1.0,13.0
Polycystic_Ovary_Syndrome,1.0,1.0,1.0,27.0
Polymyalgia_Rheumatica,0.9411764705882353,0.9411764705882353,0.9411764705882353,17.0
Post_Traumatic_Stress_Disorder,0.9615384615384616,0.9259259259259259,0.9433962264150944,27.0
Prostatitis,0.9565217391304348,0.9565217391304348,0.9565217391304348,23.0
Psoriasis,0.8636363636363636,0.9047619047619048,0.8837209302325582,21.0
Pulmonary_Embolism,1.0,1.0,1.0,17.0
Pyelonephritis,0.9,1.0,0.9473684210526315,18.0
RSV_Infection,1.0,0.9285714285714286,0.9629629629629629,28.0
Rabies,1.0,1.0,1.0,9.0
Retinal_Detachment,1.0,0.9166666666666666,0.9565217391304348,12.0
Rheumatoid_Arthritis,0.96,0.96,0.96,25.0
Rubella,1.0,1.0,1.0,14.0
Scabies,0.6470588235294118,0.5238095238095238,0.5789473684210527,21.0
Schizophrenia,0.8888888888888888,1.0,0.9411764705882353,16.0
Sciatica,1.0,1.0,1.0,19.0
Sepsis,1.0,1.0,1.0,16.0
Septic_Arthritis,1.0,1.0,1.0,13.0
Shingles,0.8518518518518519,0.92,0.8846153846153846,25.0
Sjogren_Syndrome,1.0,0.8888888888888888,0.9411764705882353,18.0
Somatic_Symptom_Disorder,0.8333333333333334,1.0,0.9090909090909091,20.0
Stable_Angina,0.8,0.9230769230769231,0.8571428571428571,13.0
Streptococcal_Pharyngitis,0.9259259259259259,0.9615384615384616,0.9433962264150944,26.0
Supraventricular_Tachycardia,1.0,0.8,0.8888888888888888,10.0
Systemic_Lupus_Erythematosus,1.0,1.0,1.0,11.0
Temporomandibular_Disorder,1.0,1.0,1.0,23.0
Tendinitis,0.8571428571428571,1.0,0.9230769230769231,18.0
Tension_Headache,0.9714285714285714,0.9444444444444444,0.9577464788732394,36.0
Testicular_Torsion,0.9090909090909091,0.9090909090909091,0.9090909090909091,11.0
Tetanus,1.0,1.0,1.0,13.0
Tinea_Infection,1.0,0.8333333333333334,0.9090909090909091,30.0
Tonsillitis,1.0,0.9354838709677419,0.9666666666666667,31.0
Transient_Ischemic_Attack,0.9333333333333333,0.9333333333333333,0.9333333333333333,15.0
Trigeminal_Neuralgia,0.9090909090909091,1.0,0.9523809523809523,10.0
Tuberculosis,1.0,1.0,1.0,22.0
Type_1_Diabetes,1.0,0.9565217391304348,0.9777777777777777,23.0
Type_2_Diabetes,0.9655172413793104,0.9333333333333333,0.9491525423728814,30.0
Typhoid_Fever,0.7058823529411765,0.8,0.75,15.0
Ulcerative_Colitis,1.0,1.0,1.0,24.0
Urticaria,0.9523809523809523,0.9523809523809523,0.9523809523809523,21.0
Viral_Conjunctivitis,0.6956521739130435,1.0,0.8205128205128205,16.0
Viral_Gastroenteritis,1.0,0.8604651162790697,0.925,43.0
Viral_Pneumonia,0.9285714285714286,0.9629629629629629,0.9454545454545454,27.0
Vitamin_B12_Deficiency,0.9615384615384616,1.0,0.9803921568627451,25.0
Vulvovaginal_Candidiasis,1.0,1.0,1.0,18.0
accuracy,0.9484481851657023,0.9484481851657023,0.9484481851657023,0.9484481851657023
macro avg,0.9522280266378675,0.9484472362823679,0.94830154495614,3802.0
weighted avg,0.9517496302126639,0.9484481851657023,0.9484504607496406,3802.0
